userId,productId,rating,timestamp
1,1,2,964982703
1,3,2,964981247
1,6,1,964982224
1,47,1,964983815
1,50,1,964982931
1,70,2,964982400
1,101,1,964980868
1,110,1,964982176
1,151,1,964984041
1,157,3,964984100
1,163,3,964983650
1,216,1,964981208
1,223,3,964980985
1,231,3,964981179
1,235,1,964980908
1,260,1,964981680
1,296,1,964982967
1,316,2,964982310
1,333,1,964981179
1,349,1,964982563
1,356,3,964980962
1,362,3,964982588
1,367,3,964981710
1,423,2,964982363
1,441,3,964980868
1,457,3,964981909
1,480,2,964982346
1,500,2,964981208
2,318,1,1445714835
2,333,1,1445715029
3,31,1,1306463578
4,21,3,986935199
4,32,1,945173447
4,45,2,986935047
4,47,1,945173425
4,52,1,964622786
4,58,1,964538444
4,106,2,986848784
4,125,3,964622758
4,126,3,986848920
4,162,2,945078571
4,171,1,945078428
4,176,2,964622565
4,190,2,945079259
4,215,1,945079078
4,222,2,945629040
4,232,2,964622684
4,235,2,945173513
4,247,1,986848894
4,260,1,945079259
4,265,2,964538468
4,296,3,945173350
4,319,3,945079182
4,342,1,964538500
4,345,3,945629063
4,348,3,964622786
4,351,2,986934901
4,357,3,964623306
4,368,1,945078690
4,417,3,945078467
4,441,2,986934915
4,450,3,986848828
4,457,3,945079259
4,475,3,945174290
4,492,1,945079872
5,1,3,847434962
5,21,2,847435238
5,34,3,847434881
5,36,3,847435292
5,39,3,847434961
5,50,2,847434881
5,58,1,847435238
5,110,3,847434880
5,150,3,847434748
5,153,2,847434802
5,232,3,847435292
5,247,1,847435337
5,253,1,847435292
5,261,3,847435238
5,265,1,847435129
5,266,3,847435311
5,290,3,847435311
5,296,2,847434748
5,300,2,847435337
5,316,1,847434832
5,318,3,847434880
5,344,2,847434802
5,349,1,847434832
5,357,1,847435238
5,364,3,847434882
5,367,2,847435129
5,380,1,847434748
5,410,1,847435292
5,457,1,847434801
5,474,3,847435337
5,475,3,847435311
6,2,1,845553522
6,3,2,845554296
6,4,3,845554349
6,5,1,845553938
6,6,3,845553757
6,7,1,845554264
6,8,1,845555281
6,10,1,845553253
6,11,3,845553489
6,13,3,845555588
6,15,3,845554505
6,16,1,845553819
6,17,3,845553559
6,19,1,845553382
6,21,3,845553382
6,22,1,845553875
6,24,2,845554397
6,25,1,845553695
6,26,3,845555362
6,27,2,845555402
6,31,1,845553819
6,32,2,845553426
6,34,2,845553354
6,36,1,845553726
6,41,1,845554962
6,43,1,845555607
6,45,2,845553907
6,46,1,845554551
6,47,1,845553317
6,50,2,845553381
6,54,1,845555402
6,60,1,845554263
6,61,2,845555454
6,62,3,845553660
6,65,1,845555070
6,66,1,845555151
6,76,3,845555317
6,79,1,845554907
6,86,1,845556131
6,87,2,845555300
6,88,1,845555694
6,89,1,845555124
6,92,3,845555454
6,93,1,845554584
6,95,1,845553559
6,100,3,845555151
6,102,1,845555436
6,104,3,845554349
6,105,1,845553757
6,110,2,845553283
6,112,1,845553994
6,113,2,845556257
6,126,2,845555342
6,135,3,845554987
6,140,2,845555024
6,141,2,845553586
6,145,3,845553966
6,146,1,845555607
6,150,1,845553110
6,151,1,845553586
6,153,2,845553146
6,158,2,845553660
6,159,2,845555006
6,160,1,845553457
6,161,3,845553253
6,163,2,845553907
6,165,2,845553146
6,168,3,845553695
6,170,1,845554263
6,171,3,845555402
6,174,2,845554479
6,177,2,845554931
6,179,3,845555362
6,180,2,845555006
6,181,1,845553938
6,185,2,845553283
6,186,3,845553619
6,189,1,845556241
6,191,2,845554931
6,195,2,845554455
6,196,1,845553586
6,201,1,845556290
6,204,1,845553619
6,205,3,845555477
6,207,2,845554024
6,208,3,845553253
6,209,1,845556106
6,210,1,845556310
6,212,3,845556181
6,216,3,845554099
6,217,1,845555382
6,218,3,845553994
6,219,1,845556131
6,222,1,845554024
6,224,2,845553794
6,225,1,845553381
6,230,1,845553966
6,231,1,845553174
6,234,1,845554176
6,236,2,845553559
6,237,1,845553875
6,239,2,845554987
6,240,3,845555571
6,243,1,845555588
6,248,2,845554263
6,250,3,845555588
6,251,1,845556257
6,252,1,845553619
6,253,3,845553283
6,254,1,845555655
6,256,2,845553726
6,257,3,845554176
6,258,3,845555172
6,261,3,845553695
6,262,1,845554551
6,265,1,845553726
6,266,2,845553457
6,267,2,845554376
6,270,2,845555172
6,271,2,845555249
6,273,3,845553875
6,274,1,845555151
6,276,3,845553907
6,277,2,845553844
6,279,2,845555436
6,281,3,845554320
6,282,3,845553522
6,288,2,845553283
6,289,3,845554455
6,291,1,845555571
6,292,2,845553253
6,293,2,845553660
6,296,3,845553110
6,302,2,845555436
6,303,2,845554099
6,304,1,845555546
6,310,1,845556119
6,312,3,845555151
6,313,1,845555546
6,314,3,845554603
6,315,1,845553522
6,316,3,845553174
6,317,1,845553457
6,318,3,845553200
6,327,3,845554062
6,329,1,845553200
6,330,3,845555071
6,332,3,845555046
6,333,3,845553757
6,336,1,845556223
6,337,3,845553586
6,339,1,845553253
6,340,2,845555265
6,342,1,845553938
6,343,3,845555172
6,344,2,845553146
6,347,1,845555300
6,348,3,845553938
6,349,2,845553146
6,350,3,845553489
6,351,2,845554455
6,352,2,845555382
6,353,2,845553726
6,354,3,845555402
6,355,1,845553819
6,356,2,845553200
6,357,3,845553457
6,358,2,845555265
6,359,2,845556412
6,360,2,845555094
6,361,1,845554376
6,362,1,845553994
6,364,1,845553317
6,366,1,845554962
6,367,1,845553317
6,368,3,845553726
6,370,1,845553794
6,371,1,845554141
6,374,1,845554296
6,377,3,845553317
6,378,3,845554987
6,380,1,845553110
6,381,2,845553994
6,382,2,845554397
6,383,3,845554320
6,405,3,845554603
6,410,1,845553354
6,412,2,845554505
6,415,2,845554420
6,416,2,845554962
6,419,2,845554224
6,426,1,845554551
6,432,1,845553489
6,434,3,845553200
6,435,2,845553489
6,437,3,845554505
6,440,3,845553457
6,445,2,845555124
6,450,2,845555024
6,454,2,845553283
6,455,3,845554062
6,457,1,845553174
6,458,3,845555546
6,460,3,845555281
6,466,1,845553844
6,468,2,845553907
6,469,2,845555477
6,472,1,845555632
6,474,2,845553522
6,475,1,845554099
6,477,2,845554141
6,480,3,845553200
6,485,1,845553794
6,489,1,845554505
6,490,3,845554584
6,491,2,845554141
6,493,3,845555172
6,494,3,845554176
6,497,1,845553819
6,500,2,845553354
7,1,3,1106635946
7,50,1,1106635993
7,58,2,1106635520
7,150,2,1106635925
7,165,3,1106635987
7,260,3,1106635933
7,356,1,1106635915
7,380,3,1106635937
7,466,2,1106635532
7,480,1,1106635917
8,2,1,839463806
8,10,1,839463509
8,11,2,839463806
8,21,1,839463564
8,32,2,839463624
8,34,2,839463546
8,39,1,839463644
8,47,1,839463546
8,50,1,839463644
8,110,3,839463527
8,141,2,839464076
8,150,3,839463422
8,153,3,839463451
8,185,1,839463509
8,186,3,839463856
8,208,1,839463509
8,231,2,839463470
8,235,3,839464076
8,236,1,839463767
8,252,2,839463856
8,253,3,839463509
8,282,2,839463767
8,292,3,839463489
8,296,3,839463422
8,317,2,839463644
8,318,1,839463489
8,339,2,839463509
8,356,2,839463527
8,357,3,839463767
8,364,1,839463546
8,367,1,839463564
8,377,2,839463644
8,380,2,839463422
8,432,3,839463702
8,440,3,839463728
8,454,2,839463546
8,457,2,839463489
8,480,3,839463527
8,500,1,839463624
9,41,2,1044656650
9,187,1,1044657119
9,223,1,1044656650
9,371,3,1044656716
10,296,3,1455303387
10,356,2,1455301685
11,6,1,902154266
11,10,1,902154316
11,36,1,902155135
11,44,1,902154593
11,95,2,902154458
11,110,3,902154266
11,150,2,902154266
11,153,1,902154593
11,165,3,902154567
11,170,2,902154621
11,208,3,902154706
11,292,1,902154383
11,318,1,902155070
11,349,2,902154342
11,356,2,901200263
11,368,3,904510567
11,376,3,902154684
11,377,3,902154431
11,380,1,902154431
11,434,2,902154685
11,457,3,902154316
11,466,3,902154805
11,474,2,902154431
11,480,3,902154383
11,493,1,902154805
12,39,1,1247264471
12,168,1,1247264411
12,222,1,1247263465
12,256,1,1247263375
12,261,3,1247263357
12,277,2,1247263371
12,357,3,1247264106
13,47,3,987895819
13,305,2,987456968
14,4,1,835441653
14,7,3,835441989
14,19,1,835441168
14,25,2,835441394
14,32,1,835441168
14,39,3,835441186
14,47,1,835441133
14,95,2,835441295
14,105,3,835441371
14,110,1,835441107
14,150,3,835440977
14,153,2,835441012
14,193,1,835441371
14,231,2,835441042
14,266,3,835441168
14,282,3,835441239
14,288,2,835441107
14,296,3,835440978
14,318,3,835441042
14,337,2,835441239
14,339,1,835441066
14,344,3,835441012
14,351,2,835441686
14,356,1,835441239
14,367,2,835441210
14,376,1,835441620
14,377,1,835441328
14,383,1,835441729
14,434,2,835441066
14,448,2,835442201
14,455,1,835441812
14,477,3,835441578
14,480,2,835441262
14,491,1,835441672
15,1,2,1510577970
15,44,1,1299424916
15,47,3,1510571970
15,158,1,1299424840
15,172,2,1299424762
15,256,3,1299425021
15,260,1,1510571946
15,293,3,1510571962
15,296,1,1510571877
15,318,2,1510571866
15,355,3,1299425002
15,356,2,1510571873
15,364,2,1510577958
16,47,2,1377477814
16,50,3,1377476781
16,111,2,1377477446
16,204,1,1377476617
16,260,2,1377476936
16,293,3,1377477870
16,296,3,1377477302
16,318,1,1377476766
16,319,3,1377476675
16,356,1,1377477951
17,1,2,1305696483
17,44,1,1305696245
17,47,2,1307262715
17,50,2,1305697013
17,110,3,1305696470
17,111,2,1326943208
17,150,3,1305696497
17,260,3,1305696468
17,293,1,1307262308
17,296,3,1305696455
17,318,3,1305696465
17,356,2,1305696457
17,480,1,1305696463
18,1,3,1455209816
18,2,2,1455617462
18,6,2,1460138360
18,16,2,1461311583
18,32,2,1455209840
18,34,1,1455617533
18,36,1,1455617478
18,47,1,1455050013
18,50,2,1455049343
18,70,1,1455735732
18,104,3,1455748792
18,110,3,1455050170
18,111,3,1458516249
18,145,3,1456864434
18,163,1,1455748933
18,165,1,1455209902
18,180,1,1455617692
18,208,1,1455617516
18,223,3,1455617470
18,231,3,1455748462
18,235,3,1455529905
18,260,2,1455049368
18,288,1,1455617466
18,293,1,1455050049
18,296,2,1455050745
18,318,2,1455049328
18,329,3,1455231677
18,337,3,1455748833
18,344,2,1455209869
18,356,1,1455050112
18,364,1,1455209887
18,367,2,1455618093
18,370,3,1455748940
18,374,1,1455617791
18,377,1,1455209879
18,380,3,1455209846
18,431,3,1462138790
18,435,3,1459946774
18,442,1,1455748803
18,457,1,1477432493
18,466,3,1459946776
18,480,3,1455209811
18,500,2,1455618095
19,1,2,965705637
19,2,2,965704331
19,3,3,965707636
19,7,1,965706657
19,10,3,965709556
19,12,2,965705347
19,13,3,965709102
19,15,3,965710039
19,19,3,965708339
19,32,3,965703646
19,34,3,965705661
19,44,3,965710019
19,47,1,965710720
19,48,1,965709172
19,54,3,965702660
19,64,3,965708037
19,65,2,965708217
19,70,2,965704974
19,87,3,965708059
19,92,2,965712048
19,102,1,965708653
19,104,1,965706185
19,107,3,965706886
19,118,2,965708217
19,135,2,965707637
19,141,3,965706592
19,153,1,965707889
19,158,3,965709785
19,161,2,965710914
19,165,3,965711413
19,170,3,965711598
19,173,3,965703997
19,185,3,965704056
19,186,3,965707724
19,196,1,965703915
19,208,3,965709832
19,216,1,965707746
19,223,2,965705917
19,231,1,965706728
19,235,3,965705784
19,252,3,965706507
19,253,3,965704952
19,256,1,965703997
19,258,2,965704033
19,260,3,965704248
19,273,1,965705240
19,289,2,965706795
19,291,3,965712018
19,293,2,965710720
19,295,1,965708038
19,316,3,965703785
19,319,3,965710693
19,325,3,965708360
19,328,2,965705076
19,329,1,965709622
19,330,3,965705097
19,332,3,965703973
19,333,3,965706548
19,338,2,965703940
19,339,2,965706365
19,344,3,965706566
19,348,1,965706276
19,350,1,965712461
19,351,2,965706045
19,353,2,965711267
19,356,3,965706045
19,357,3,965706092
19,362,2,965709622
19,364,2,965709102
19,366,1,965704974
19,367,1,965704281
19,368,1,965706636
19,370,2,965707669
19,372,1,965706507
19,374,2,965708038
19,377,1,965711156
19,378,3,965707419
19,379,1,965703885
19,380,1,965707487
19,407,3,965705059
19,410,1,965706683
19,414,1,965706886
19,420,3,965708098
19,422,1,965711481
19,423,2,965711598
19,427,1,965712068
19,432,2,965707983
19,434,2,965709832
19,435,1,965703973
19,440,1,965706114
19,442,1,965703811
19,445,2,965706907
19,450,2,965706866
19,455,2,965710092
19,457,3,965710781
19,466,3,965707518
19,468,2,965706967
19,472,1,965707518
19,474,2,965710914
19,480,1,965703785
19,485,1,965707889
19,486,3,965707828
19,490,1,965711106
19,494,2,965711156
19,497,2,965706045
19,500,3,965706636
20,2,1,1054038313
20,8,2,1054038422
20,13,3,1054038425
20,34,3,1054038093
20,48,1,1054038357
20,107,1,1054038320
20,158,3,1054038381
20,239,1,1054038398
20,262,1,1054038142
20,317,2,1054038283
20,362,3,1054038216
20,364,2,1054038067
21,1,3,1407618878
21,2,3,1419795031
21,10,3,1403459783
21,19,1,1419795052
21,38,2,1419795113
21,44,2,1376822969
21,48,3,1376822924
21,145,1,1376823315
21,165,3,1418846918
21,170,2,1376823399
21,260,1,1417378080
21,293,1,1436989949
21,296,1,1500701533
21,355,1,1376823342
21,356,2,1407617845
21,364,2,1418063557
21,367,2,1407617838
21,370,1,1376823264
21,435,2,1403461004
21,480,3,1418063303
21,500,2,1407617852
22,107,2,1268330607
22,216,2,1268726081
22,253,3,1268726368
22,318,1,1268726193
22,356,1,1268726309
23,6,1,1107342267
23,29,3,1107341574
23,32,1,1107341750
23,50,2,1107163741
23,58,2,1107164183
23,175,3,1107162721
23,272,2,1107162524
23,293,1,1107341697
23,296,3,1107163773
23,300,2,1107342187
23,334,2,1107164085
23,431,1,1107164178
23,454,3,1107342160
24,6,2,1458941767
24,32,2,1458942033
24,50,1,1458942023
24,165,2,1458941746
24,253,1,1458941225
24,296,2,1458942020
24,316,2,1458941812
24,318,3,1458941989
24,356,1,1458940987
24,457,1,1458941545
25,231,3,1535470451
25,260,2,1535470429
26,10,3,836950403
26,34,1,836950483
26,47,3,836950431
26,150,3,836950245
26,153,3,836950286
26,165,1,836950286
26,185,2,836950403
26,208,1,836950403
26,225,1,836950483
26,288,2,836950431
26,296,2,836950245
26,300,3,836950431
26,344,2,836950286
26,349,1,836950286
26,356,1,836950483
26,380,2,836950245
26,434,3,836950379
26,454,2,836950483
26,457,1,836950379
27,1,3,962685262
27,2,3,962685711
27,34,3,962685351
27,48,2,962685318
27,60,1,962685387
27,62,2,962684909
27,126,2,962685762
27,158,3,962685387
27,238,2,962685525
27,260,3,962686637
27,316,1,962685941
27,356,3,965149932
27,364,3,962685351
27,367,1,965150022
27,421,1,962685262
27,455,1,962685569
27,480,2,962685912
28,6,3,1234570483
28,16,3,1234570375
28,21,2,1242290535
28,23,3,1242290862
28,31,3,1234334920
28,32,3,1234335329
28,47,1,1235975946
28,50,1,1234337966
28,62,2,1242290542
28,95,3,1234516201
28,110,2,1234515793
28,145,1,1242290926
28,147,1,1242289858
28,161,1,1242032929
28,172,1,1277002294
28,211,2,1242107980
28,224,2,1234334917
28,253,2,1242033136
28,260,3,1234338579
28,290,2,1234570350
28,293,1,1234338073
28,296,3,1234338046
28,300,3,1242288446
28,316,2,1277002153
28,318,1,1234338000
28,337,3,1242031731
28,345,3,1242290330
28,349,2,1234516073
28,353,3,1242033139
28,356,1,1243837724
28,377,1,1234516131
28,428,3,1240817486
28,442,2,1234516283
28,456,2,1235806094
28,457,2,1234515692
28,474,3,1234515703
28,475,2,1234334912
28,480,2,1234515708
28,481,3,1242290652
29,50,2,1308007653
29,150,3,1362016794
29,165,2,1362016840
29,170,2,1307905797
29,296,1,1362016789
29,316,1,1362016849
29,318,1,1307907071
29,356,2,1362016780
30,110,1,1500370456
30,260,3,1500370339
30,318,1,1500370344
31,1,2,850466616
31,5,3,850466642
31,7,2,850466642
31,10,2,850467366
31,17,1,850466616
31,25,1,850466616
31,62,1,850466616
31,141,3,850466616
31,165,1,850467366
31,339,3,850467366
31,344,2,850467365
31,377,2,850467368
32,1,2,856736119
32,3,2,856736172
32,6,3,856736172
32,7,3,856736173
32,21,3,856737002
32,24,3,856737205
32,25,1,856736119
32,26,2,856736347
32,32,1,856736119
32,36,2,856736172
32,39,1,856737205
32,50,2,856737002
32,52,3,856736227
32,58,3,856736227
32,62,3,856736119
32,74,1,856736316
32,78,2,856736477
32,95,1,856736119
32,100,2,856736290
32,140,2,856736262
32,141,2,856736119
32,153,3,856737123
32,194,1,856737270
32,203,3,856737166
32,224,1,856737388
32,236,1,856737081
32,246,1,856737338
32,252,1,856737082
32,260,3,856736227
32,265,3,856737045
32,272,3,856737123
32,282,1,856737338
32,296,2,856737001
32,314,3,856737002
32,318,1,856737003
32,327,1,856737165
32,337,3,856737205
32,339,3,856737123
32,345,3,856737044
32,353,1,856737270
32,357,3,856737165
32,361,1,856737270
32,376,3,856736227
32,410,3,856737082
32,440,3,856737270
32,471,1,856737165
32,497,3,856737045
33,1,1,939647444
33,7,2,939654896
33,11,2,939654896
33,17,3,939654828
33,21,3,939715904
33,25,1,939646902
33,28,1,939654815
33,32,3,939647370
33,34,2,939646940
33,36,3,939715317
33,39,1,939654896
33,43,2,939716739
33,50,2,939646733
33,58,3,939646784
33,94,2,939716218
33,110,1,939648134
33,150,1,939647816
33,151,1,939715904
33,161,3,939716218
33,194,1,939647873
33,223,3,939648134
33,230,3,939715955
33,232,3,939648134
33,249,2,939716778
33,261,2,939715904
33,265,1,939646733
33,272,1,939716778
33,293,3,939716559
33,296,3,939717613
33,300,2,939648134
33,302,3,939716327
33,307,3,939715286
33,308,2,939716559
33,318,1,939716778
33,322,1,939716829
33,337,1,939715369
33,339,2,939719385
33,345,2,939716327
33,356,1,939654815
33,385,3,939716559
33,428,1,939647444
33,446,3,939716559
33,448,3,939715485
33,452,3,939716519
33,457,2,939646784
33,475,3,939715904
33,477,2,939716738
33,490,1,939646733
33,497,2,939646939
34,10,2,1162048773
34,70,2,1162048002
34,110,3,1162049056
34,145,2,1162048012
34,163,1,1162050915
34,318,2,1162050357
34,356,3,1162049069
34,357,2,1162048916
34,377,3,1162048796
35,11,1,830939577
35,21,2,830939505
35,39,3,830939546
35,50,1,830939598
35,60,3,830939912
35,62,2,830939748
35,150,1,830939391
35,185,3,830939521
35,222,2,830939893
35,231,2,830939488
35,235,3,830939733
35,236,2,830939695
35,237,1,830939834
35,252,2,830940246
35,261,1,830939733
35,266,3,830939546
35,300,2,830939505
35,316,2,830939438
35,339,3,830939488
35,342,2,830939941
36,25,3,1100803583
36,315,3,1100803362
36,318,3,1100804003
37,150,3,845239388
37,153,2,845239426
37,165,2,845239426
37,231,3,845239442
37,292,2,845239483
37,296,2,845239388
37,316,2,845239442
37,318,1,845239483
37,329,1,845239483
37,344,2,845239426
37,349,1,845239442
37,356,3,845239483
37,380,3,845239388
37,457,2,845239442
38,11,3,841341447
38,17,2,841341494
38,21,3,841341362
38,39,2,841341384
38,48,2,841341570
38,50,3,841341362
38,62,1,841341570
38,105,1,841341618
38,110,3,841341295
38,150,3,841341161
38,151,2,841341494
38,153,1,841341195
38,161,1,841341249
38,163,2,841341715
38,168,1,841341549
38,193,2,841341598
38,203,1,841341750
38,208,3,841341271
38,222,2,841341785
38,223,2,841341650
38,224,1,841341598
38,235,3,841341515
38,237,3,841341680
38,246,2,841341715
38,252,1,841341494
38,253,3,841341271
38,266,2,841341405
38,273,2,841341680
38,282,3,841341447
38,292,1,841341248
38,296,2,841341163
38,300,2,841341323
38,317,2,841341362
38,318,3,841341249
38,329,2,841341249
38,337,2,841341468
38,339,3,841341271
38,342,1,841341731
38,350,2,841341428
38,355,2,841341650
38,356,3,841341271
38,357,3,841341428
38,364,3,841341323
38,367,2,841341341
38,368,2,841341598
38,376,3,841341763
38,377,2,841341341
38,380,2,841341163
38,410,1,841341323
38,432,1,841341428
38,434,2,841341249
38,435,3,841341405
38,440,1,841341428
38,454,1,841341295
38,457,1,841341220
38,466,1,841341698
38,468,1,841341715
38,480,3,841341296
38,485,1,841341650
38,497,1,841341680
38,500,3,841341362
39,32,2,974787510
39,47,3,974789632
39,50,1,974788030
39,260,3,974787510
39,296,2,974789540
39,364,1,974788976
39,457,1,974789432
40,1,2,832058959
40,17,2,832059273
40,19,2,832059137
40,21,3,832059053
40,26,1,832059937
40,31,3,832059371
40,34,1,832059080
40,44,2,832059393
40,46,1,832059892
40,48,2,832059371
40,60,3,832059509
40,62,3,832059339
40,82,1,832060151
40,104,3,832059697
40,107,3,832059716
40,110,2,832059053
40,111,3,832059116
40,121,3,832060318
40,126,2,832060287
40,146,1,832060059
40,150,2,832058854
40,151,2,832059189
40,153,1,832058897
40,158,1,832059315
40,159,1,832059770
40,163,3,832059474
40,165,1,832058897
40,168,1,832059315
40,172,2,832059339
40,173,1,832059273
40,186,1,832059273
40,199,2,832060204
40,203,3,832059474
40,205,2,832060230
40,208,2,832059012
40,216,3,832059493
40,218,1,832059458
40,223,3,832059371
40,224,1,832059339
40,228,2,832060190
40,230,2,832059458
40,231,2,832058959
40,235,1,832059293
40,236,2,832059137
40,252,2,832059273
40,256,2,832059371
40,265,3,832059293
40,266,1,832059080
40,267,1,832059622
40,272,3,832059417
40,273,1,832059458
40,281,2,832059534
40,292,1,832059012
40,296,2,832058854
40,300,2,832059012
40,306,1,832059622
40,307,1,832059644
40,308,1,832059658
40,312,2,832059952
40,314,1,832059734
40,316,2,832058930
40,317,2,832059080
40,318,2,832058930
40,327,1,832059585
40,329,1,832058930
40,330,2,832059921
40,337,3,832059189
40,339,3,832058959
40,344,2,832058897
40,350,2,832059787
40,351,3,832059585
40,353,3,832059840
40,362,3,832060128
40,364,2,832059644
40,367,2,832059676
40,371,1,832060059
40,376,2,832060011
40,380,3,832058854
40,383,2,832060108
40,410,1,832059053
40,421,3,832059863
40,431,3,832059493
40,432,2,832059116
40,434,2,832058959
40,435,1,832059189
40,440,1,832059716
40,454,3,832059644
40,457,2,832059534
40,491,1,832060059
41,47,3,1458939486
41,50,1,1459367479
41,111,3,1459367437
41,215,2,1458939048
41,288,2,1459367592
41,293,2,1458933717
41,296,3,1458933695
41,356,3,1459367500
41,357,2,1459368628
41,380,3,1459367498
42,3,3,996221045
42,7,3,996220162
42,10,2,996215205
42,11,3,996219314
42,16,3,996218017
42,19,3,996256258
42,21,3,996219086
42,22,3,996219167
42,47,3,996218105
42,50,2,996217838
42,86,3,996220615
42,95,3,996214545
42,104,2,996219699
42,110,2,996217933
42,122,1,996221451
42,135,2,996256102
42,141,1,996220726
42,144,2,996220026
42,150,2,996217989
42,153,3,996255744
42,161,1,996218708
42,163,3,996219086
42,165,2,996216316
42,168,1,996220383
42,173,2,996221544
42,185,1,996220893
42,186,2,996220852
42,193,3,996256573
42,195,3,996219752
42,223,1,996218735
42,225,2,996219167
42,227,1,996221233
42,231,2,996220872
42,234,3,996256613
42,236,2,996220615
42,252,3,996220225
42,253,1,996215413
42,257,1,996215225
42,260,3,996261559
42,276,2,996221323
42,288,1,996220487
42,292,3,996219167
42,296,2,996214107
42,303,2,996221407
42,316,3,996219275
42,318,3,996217804
42,333,1,996214446
42,344,2,996220343
42,349,3,996218871
42,350,3,996218988
42,353,1,996220093
42,356,1,996218222
42,360,2,996221517
42,361,3,996220309
42,364,3,996218379
42,368,3,996219212
42,372,3,996219774
42,379,3,996221323
42,380,2,996219248
42,381,2,996221208
42,383,1,996221233
42,408,3,996255745
42,410,3,996220754
42,413,3,996221492
42,414,3,996219191
42,415,1,996215738
42,418,3,996256649
42,420,1,996215096
42,424,3,996221407
42,432,3,996214645
42,433,3,996221323
42,434,2,996221164
42,436,3,996220726
42,442,2,996221407
42,457,3,996216038
42,459,2,996220584
42,466,2,996221118
42,468,2,996220026
42,485,2,996256042
42,486,2,996220281
42,490,2,996220133
43,1,2,848993983
43,3,2,848994405
43,5,1,848994281
43,7,3,848994392
43,8,1,848994814
43,10,2,848993747
43,11,1,848993928
43,23,1,848994451
43,29,3,848994937
43,34,3,848993816
43,47,1,848993793
43,48,3,848994152
43,57,1,848994678
43,60,3,848994424
43,79,3,848994617
43,95,3,848993983
43,102,3,848994916
43,107,2,848994703
43,110,1,848993747
43,150,1,848993627
43,153,2,848993662
43,158,1,848994079
43,161,1,848993747
43,165,3,848993660
43,168,3,848994102
43,173,1,848993928
43,174,3,848994534
43,185,1,848993747
43,193,3,848994178
43,208,3,848993747
43,217,3,848994890
43,225,3,848993879
43,231,1,848993694
43,236,2,848993983
43,238,1,848994876
43,253,2,848993769
43,256,2,848994102
43,259,1,848994678
43,261,1,848994079
43,262,3,848994574
43,271,3,848994795
43,276,3,848994265
43,277,2,848994222
43,288,1,848993793
43,292,2,848993718
43,296,3,848993627
43,300,3,848993816
43,316,2,848993693
43,317,2,848993903
43,318,2,848993718
43,325,3,848994749
43,329,2,848993718
43,339,2,848993769
43,343,3,848994765
43,344,2,848993662
43,349,1,848993694
43,350,1,848993903
43,351,1,848994534
43,355,2,848994178
43,356,2,848993693
43,362,3,848994311
43,364,3,848993793
43,367,3,848993793
43,374,2,848994436
43,377,3,848993769
43,380,2,848993628
43,382,3,848994479
43,410,2,848993816
43,413,1,848994349
43,419,3,848994374
43,420,2,848993879
43,432,3,848993928
43,434,3,848993718
43,435,1,848993928
43,442,1,848993958
43,454,3,848993769
43,457,1,848993662
43,480,1,848993719
43,484,3,848995032
43,500,1,848993793
44,1,1,869251860
44,3,3,869251910
44,6,3,869251910
44,12,1,869252043
44,18,1,869252115
44,36,2,869251910
44,65,3,869252497
44,66,1,869252563
44,94,1,869252333
44,95,2,869251861
44,104,2,869251955
44,112,3,869251955
44,135,3,869251982
44,141,2,869251861
44,260,1,869251910
44,494,3,869251910
45,1,2,951170182
45,5,3,959625102
45,6,3,1121724608
45,7,2,951170390
45,11,3,951170225
45,19,3,1091306129
45,21,1,1091306011
45,32,3,1121724503
45,39,3,951170338
45,50,1,951756750
45,62,1,1091306047
45,65,1,1020803228
45,69,1,951170141
45,70,2,951170563
45,88,1,951170543
45,104,1,950724870
45,107,2,950726248
45,110,2,950741520
45,112,2,950740583
45,150,3,1007484259
45,165,2,1091305945
45,172,3,950740896
45,173,2,950741335
45,180,1,950726070
45,185,2,950741023
45,186,3,1121724898
45,216,1,950724820
45,223,1,1007995016
45,231,1,1091305997
45,248,2,951170651
45,252,1,951170509
45,260,2,950726388
45,261,1,959624314
45,292,1,1091305981
45,296,2,1007483989
45,316,3,950740601
45,317,2,951170669
45,329,3,950740723
45,333,1,951170509
45,338,3,950741024
45,344,1,951170563
45,356,1,951170194
45,357,1,951170271
45,362,3,950722276
45,364,2,950726215
45,367,1,950724840
45,368,1,1091306135
45,370,1,1121724808
45,380,3,950726688
45,413,2,951170710
45,435,2,950741095
45,440,1,951170210
45,441,1,950724757
45,457,3,950726408
45,466,1,1034343953
45,474,3,1091306076
45,480,1,950740478
45,500,1,951170445
46,1,3,834787906
46,10,3,834787826
46,32,3,834788094
46,39,1,834788093
46,50,2,834788094
46,110,1,834788016
46,111,1,834788094
46,153,3,834787678
46,160,1,834788146
46,161,3,834787826
46,165,2,834787677
46,173,2,834788227
46,185,1,834787906
46,208,1,834787906
46,225,1,834788016
46,231,2,834787757
46,236,1,834788227
46,253,2,834787906
46,266,3,834788094
46,282,3,834788227
46,288,2,834787967
46,292,3,834787826
46,300,3,834788016
46,315,2,834788227
46,316,3,834787757
46,318,1,834787757
46,339,1,834787826
46,344,2,834787678
46,349,1,834787677
46,364,2,834788146
46,367,3,834788227
46,380,3,834787967
46,432,1,834788146
46,434,1,834787826
46,435,3,834788146
46,454,1,834788146
46,457,2,834787967
47,31,3,1496205717
47,47,2,1496209354
47,62,3,1496205312
47,141,2,1496208714
47,147,1,1496205843
47,150,2,1496206707
47,318,3,1496208166
47,356,3,1496206696
47,391,3,1496206564
47,500,3,1496210197
48,48,3,1127128718
48,168,3,1127128712
48,172,1,1127128691
49,110,2,1493093005
49,318,3,1493089778
49,356,1,1493089782
50,1,2,1514238116
50,32,1,1523740563
50,111,2,1534178790
50,165,3,1514238058
50,296,2,1500573696
50,318,2,1514237959
50,356,2,1514238146
51,2,1,1230932741
51,3,2,1230932736
51,7,2,1230932700
51,36,1,1230929322
51,65,3,1230930652
51,70,3,1230932691
51,76,1,1230930644
51,93,3,1230931640
51,111,2,1230929314
51,141,1,1230931631
51,170,2,1230932681
51,177,2,1230930634
51,186,3,1230932673
51,230,1,1230928814
51,236,3,1230929830
51,247,3,1230928802
51,260,2,1230931614
51,316,1,1230931604
51,317,3,1230932640
51,327,2,1230929812
51,333,2,1230929800
51,339,3,1230929304
51,344,1,1230929299
51,377,1,1230931596
51,380,1,1230931592
51,383,2,1230930616
51,387,1,1230932629
51,433,3,1230931581
51,442,1,1230932616
51,466,3,1230929794
51,468,3,1230929787
51,479,1,1230931569
51,482,3,1230930599
51,497,2,1230929781
52,150,2,1468051525
52,260,2,1468051102
52,293,3,1468051256
52,318,3,1468051091
52,356,2,1468051518
52,364,1,1468051398
53,203,1,1237748081
53,249,1,1237748109
53,381,1,1237748115
53,413,2,1237748065
53,481,3,1237748105
54,1,3,830247330
54,17,3,830248246
54,21,3,839921390
54,32,2,830247417
54,47,2,839921084
54,50,3,830248246
54,110,2,830247832
54,150,3,830247106
54,161,3,830247358
54,194,1,830247865
54,205,3,830247590
54,288,1,830247887
54,296,1,830247106
54,318,2,830247358
54,329,2,830247389
54,339,2,830247389
54,356,1,839921027
54,377,2,839921390
54,410,3,839921084
54,420,2,839921390
54,454,3,839921084
54,457,2,839920981
54,469,2,839923068
54,480,2,839921084
54,500,1,839921452
55,186,1,1312747648
56,10,1,835799162
56,11,2,835799366
56,19,1,835799219
56,39,2,835799274
56,47,1,835799219
56,69,1,835799457
56,110,3,835799188
56,153,1,835799081
56,160,3,835799274
56,161,3,835799140
56,165,3,835799081
56,173,1,835799330
56,185,1,835799162
56,196,3,835799366
56,208,3,835799162
56,225,2,835799219
56,231,3,835799115
56,253,1,835799162
56,288,1,835799188
56,292,3,835799140
56,296,1,835799034
56,315,1,835799330
56,316,2,835799115
56,317,2,835799253
56,318,3,835799115
56,329,1,835799115
56,333,2,835799427
56,344,2,835799081
56,349,1,835799081
56,356,2,835799274
56,364,3,835799253
56,367,3,835799295
56,370,3,835799457
56,380,2,835799034
56,410,3,835799188
56,420,1,835799253
56,434,1,835799140
56,454,1,835799253
56,457,2,835799162
56,480,2,835799295
56,493,1,835799427
57,1,3,965796031
57,6,1,972173446
57,10,3,965798286
57,11,1,965797264
57,21,1,965796969
57,32,1,965798685
57,39,1,965796392
57,50,2,965796686
57,52,2,969753586
57,65,2,965797815
57,69,3,965797105
57,70,1,965797305
57,89,1,972174827
57,95,3,969754664
57,104,3,972174279
57,107,2,965797786
57,110,3,965799491
57,112,2,969754432
57,141,1,965797105
57,150,2,972172393
57,151,3,965799554
57,153,1,969753973
57,158,3,972175275
57,160,1,969754090
57,162,3,972172280
57,171,2,965796904
57,185,3,965798952
57,198,1,965798823
57,208,3,969754810
57,224,1,965797175
57,227,1,969754641
57,234,1,965797839
57,235,1,965796869
57,260,3,965798203
57,265,1,972172342
57,272,3,972172467
57,296,3,972172502
57,303,3,965798410
57,305,2,972175617
57,316,2,965798870
57,329,2,969753849
57,349,3,965798373
57,355,2,965797786
57,356,3,965795650
57,357,1,969753458
57,364,2,965796140
57,367,2,965797050
57,377,2,969754312
57,379,2,972175617
57,380,2,965797484
57,382,3,972175120
57,410,1,972174771
57,417,2,965797175
57,421,1,965798269
57,431,3,972173793
57,434,3,965798455
57,440,1,965797005
57,442,3,965798898
57,457,2,965796698
57,471,1,969753604
57,473,1,965799622
57,474,2,969754942
57,480,2,965798332
57,485,3,965797759
57,494,2,972174952
57,497,2,965796990
57,500,3,965797433
58,3,3,847719397
58,5,2,847719151
58,7,2,847719397
58,19,2,847718718
58,21,2,847718718
58,22,2,847719108
58,31,2,847719088
58,32,2,847718745
58,36,1,847718991
58,39,2,847718745
58,44,2,847718960
58,47,3,847718657
58,48,3,847719035
58,50,1,847718718
58,62,2,847718910
58,110,2,847718580
58,141,3,847718894
58,150,2,847718380
58,153,3,847718434
58,161,2,847718580
58,165,3,847718433
58,168,1,847718992
58,173,3,847718818
58,185,2,847718579
58,186,2,847718910
58,196,2,847718894
58,203,1,847719177
58,208,1,847718580
58,216,3,847719308
58,218,1,847719231
58,222,1,847719271
58,223,3,847719088
58,224,3,847719065
58,225,3,847718745
58,231,2,847718462
58,234,2,847719333
58,248,3,847719411
58,249,2,847719464
58,253,3,847718617
58,261,2,847718960
58,265,2,847718991
58,266,1,847718786
58,276,2,847719132
58,277,1,847719065
58,280,3,847719231
58,282,3,847718851
58,288,1,847718617
58,292,2,847718544
58,293,2,847718937
58,296,3,847718380
58,300,3,847718674
58,315,1,847718851
58,317,2,847718786
58,318,2,847718544
58,327,2,847719285
58,333,3,847719015
58,337,3,847718894
58,339,1,847718617
58,342,2,847719151
58,344,1,847718434
58,345,3,847719308
58,349,2,847718461
58,350,2,847718786
58,353,1,847718991
58,356,1,847718461
58,357,1,847718745
58,362,2,847719203
58,364,3,847718657
58,367,1,847718657
58,368,2,847718937
58,371,2,847719333
58,372,3,847719438
58,377,2,847718657
58,380,2,847718380
58,419,2,847719308
58,435,3,847718818
58,440,2,847718786
58,454,2,847718617
58,455,3,847719231
58,457,1,847718433
58,474,3,847718851
58,475,1,847719285
58,477,1,847719333
58,480,3,847718544
58,497,2,847719066
58,500,3,847718657
59,10,1,953609378
59,41,3,953609923
59,105,2,953608307
59,110,1,953609098
59,111,3,953608356
59,260,3,953610660
59,350,3,953610578
59,367,3,953610692
59,480,3,953609415
60,48,3,1393541734
60,50,3,1393542060
60,60,3,1393541955
60,318,2,1393542053
60,362,1,1393541920
60,455,3,1393541905
61,16,3,1145531659
61,32,1,1145532647
61,50,2,1145532639
61,173,3,1145531733
61,235,1,1145531647
61,266,3,1145531608
61,293,2,1145532599
61,318,2,1145532707
62,2,1,1528843890
62,6,1,1522190219
62,47,2,1521489234
62,110,2,1521822303
62,260,2,1521488893
62,293,3,1521488906
62,296,1,1521488575
62,318,3,1521488565
62,344,2,1521822336
62,356,2,1521822306
62,410,3,1525636601
63,1,3,1443199669
63,10,1,1443201199
63,32,1,1443199999
63,34,2,1443201169
63,47,3,1443201084
63,50,3,1443199758
63,110,1,1443199850
63,111,2,1443199818
63,150,3,1443201072
63,153,1,1443201088
63,165,2,1443201090
63,208,2,1443201186
63,231,3,1443201105
63,260,2,1443199688
63,293,3,1443199772
63,296,1,1443201070
63,318,3,1443199751
63,344,1,1443201075
63,356,2,1443199681
63,357,3,1443201224
63,364,1,1443200128
63,367,1,1443201104
63,377,3,1443201077
63,480,3,1443199679
63,500,2,1443201103
64,1,1,1161520134
64,3,1,1161519668
64,6,2,1161520752
64,16,2,1161528794
64,19,1,1161521687
64,22,3,1161559916
64,25,2,1161521571
64,32,1,1161520763
64,34,1,1161520212
64,36,3,1161521343
64,39,1,1161520967
64,45,3,1161564506
64,47,3,1161520185
64,48,3,1161529467
64,50,3,1161528982
64,70,2,1161559767
64,104,1,1161528801
64,110,2,1161520230
64,111,2,1161521289
64,112,2,1161563742
64,141,3,1161520890
64,151,3,1161529309
64,153,1,1161520389
64,159,3,1161563882
64,160,2,1161519628
64,163,2,1161529382
64,185,1,1161520635
64,186,2,1161559750
64,198,2,1161565802
64,207,3,1161566667
64,223,2,1161521597
64,231,1,1161520600
64,236,3,1161529390
64,253,3,1161521002
64,260,3,1161520007
64,265,2,1161529464
64,266,2,1161528933
64,293,2,1161521544
64,296,1,1161520143
64,307,2,1161531272
64,316,2,1161520309
64,317,1,1161529277
64,318,1,1161520540
64,333,2,1161564457
64,344,1,1161520033
64,350,2,1161528851
64,353,1,1161519634
64,355,2,1161620564
64,356,3,1161520004
64,357,1,1161521689
64,364,2,1161520878
64,365,1,1161566490
64,367,3,1161520598
64,370,3,1161519723
64,377,3,1161520155
64,432,3,1161519711
64,435,1,1161529433
64,466,1,1161529425
64,480,1,1161520140
64,500,3,1161520572
65,318,1,1494767049
66,1,2,1104643957
66,5,3,1113190367
66,18,3,1113190353
66,19,2,1093143913
66,21,1,1113190363
66,29,3,1099187646
66,32,3,1093747471
66,47,2,1093747353
66,50,2,1104644110
66,110,2,1093747481
66,111,1,1099187536
66,172,2,1113188330
66,181,1,1113190908
66,208,2,1113190327
66,223,1,1093747608
66,224,1,1113190336
66,248,2,1113190892
66,255,3,1113188840
66,260,2,1093747550
66,272,2,1113190319
66,273,1,1113190315
66,282,3,1093144035
66,293,3,1093747362
66,296,3,1093747506
66,318,1,1093747397
66,337,2,1093143979
66,356,3,1093747854
66,357,1,1113190299
66,380,1,1104643944
66,415,3,1113190881
66,442,3,1093143935
66,457,2,1093747700
66,480,3,1104643911
66,481,2,1113190302
66,485,2,1099187127
67,293,2,1501273898
67,296,1,1501273753
67,318,3,1501274024
67,356,2,1501274064
68,1,2,1158531426
68,2,2,1158532776
68,3,2,1158533415
68,5,3,1158533624
68,6,1,1158532058
68,7,2,1230498124
68,10,1,1158531612
68,11,3,1158531050
68,16,1,1158533018
68,17,3,1158531987
68,18,1,1532897231
68,19,3,1158532448
68,25,3,1158531974
68,26,3,1158534106
68,31,1,1158535464
68,34,2,1158531735
68,39,2,1158532000
68,44,1,1158534993
68,47,3,1158531489
68,48,3,1158533544
68,50,2,1158531764
68,62,2,1158531021
68,65,1,1269123315
68,70,1,1158534541
68,95,2,1158532180
68,104,1,1158532958
68,110,1,1158531496
68,135,1,1261624168
68,140,3,1269122528
68,141,3,1305861316
68,150,3,1158531364
68,153,1,1158531596
68,158,3,1158533897
68,160,1,1158533372
68,163,2,1158533641
68,165,2,1158531548
68,168,1,1240093526
68,170,2,1261623628
68,173,1,1158533364
68,180,2,1269121607
68,185,2,1158532023
68,193,3,1261624010
68,203,3,1269122697
68,207,2,1269122598
68,208,1,1158531805
68,216,2,1261623484
68,223,1,1158531005
68,231,2,1158532011
68,247,2,1261623443
68,252,2,1230498298
68,253,1,1158531739
68,256,1,1158535511
68,260,1,1158531191
68,261,1,1230498595
68,266,2,1158532808
68,276,2,1269122700
68,282,3,1158534484
68,292,3,1158531915
68,293,2,1158532453
68,296,1,1180916156
68,303,3,1261623895
68,316,1,1158531378
68,317,2,1158533037
68,318,2,1158531293
68,333,2,1158535093
68,337,2,1158533077
68,339,1,1158532177
68,344,1,1158531367
68,345,3,1269121154
68,350,2,1158532759
68,355,2,1158535521
68,356,3,1158531181
68,357,2,1240092554
68,361,2,1269123000
68,364,1,1158531894
68,367,1,1158531592
68,368,3,1158532750
68,370,2,1158533335
68,376,3,1158534489
68,377,3,1158531516
68,379,3,1269122944
68,380,3,1158531354
68,410,1,1158531046
68,420,1,1158533188
68,432,2,1158533238
68,434,1,1158531897
68,435,3,1158533526
68,440,3,1230497680
68,441,1,1261624104
68,442,2,1158532647
68,454,2,1158532134
68,455,2,1261623672
68,457,3,1158531542
68,466,1,1158533732
68,480,3,1158531200
68,485,1,1158533833
68,500,2,1158531950
69,50,2,1021646926
69,260,1,1021643144
69,296,2,1021644176
69,318,1,1021646944
69,333,1,1021644104
69,356,2,1021643709
70,36,1,1355198746
70,150,1,1355198045
70,246,1,1355198793
70,318,3,1355185390
70,356,2,1355198377
70,376,2,1355184504
71,1,3,864737933
71,7,2,864738008
71,17,1,864737933
71,24,1,864740028
71,62,3,864737933
71,86,3,864738119
71,95,2,864737933
71,160,1,864739211
71,165,2,864739931
71,208,2,864738913
71,260,1,864737969
71,494,3,864737969
72,32,1,1217324825
72,47,2,1217324851
72,50,2,1217324720
72,110,3,1217324791
72,150,1,1217324795
72,165,1,1217324886
72,260,3,1217324775
72,296,3,1217324757
72,318,1,1217324771
72,344,2,1217324835
72,356,1,1217324762
72,377,2,1217324831
72,457,1,1217324789
73,1,3,1464196374
73,150,1,1464196379
73,260,3,1464196535
74,58,2,1207502891
74,111,1,1207500396
74,194,2,1207499222
74,273,1,1207499102
74,296,1,1207499596
74,307,3,1207499251
74,308,3,1207501263
74,337,3,1207501280
74,382,3,1207499275
74,475,3,1207502497
75,47,1,1158968272
75,151,2,1158967103
75,168,3,1158967185
75,173,2,1158967071
75,260,2,1158989756
75,435,2,1158967085
76,1,2,1439165548
76,47,3,1439168120
76,48,2,1439168949
76,111,2,1439166428
76,158,1,1439168954
76,260,3,1439165601
76,288,3,1439168262
76,296,3,1439165672
76,317,3,1439168918
76,318,2,1439165638
76,356,1,1439165536
76,480,3,1439168176
77,260,3,1535107459
78,1,1,1252575124
78,20,2,1252573422
78,32,1,1252575140
78,150,3,1252575119
78,165,1,1252574722
78,260,2,1252575114
78,296,1,1252574962
78,318,1,1252575010
78,344,3,1252575201
78,356,1,1252575107
78,370,2,1252575070
78,377,1,1252575197
78,380,1,1252575135
78,466,2,1252575077
78,480,2,1252574995
79,6,1,975282111
79,164,1,975281545
79,246,3,975281661
79,260,2,975281842
79,307,3,975281591
79,377,2,975282070
79,457,2,975281934
79,480,2,975282070
80,32,2,1377308186
80,50,2,1377308037
80,150,2,1377308715
80,318,3,1377308028
80,431,3,1377308567
81,10,3,845299756
81,32,2,845299983
81,47,1,845299983
81,110,1,845299756
81,150,3,845299424
81,153,1,845299505
81,161,1,845299756
81,165,3,845299504
81,208,3,845299800
81,231,3,845299563
81,288,1,845299800
81,296,1,845299424
81,316,2,845299563
81,318,2,845299677
81,329,3,845299677
81,344,3,845299505
81,356,2,845299676
81,364,1,845299844
81,367,3,845299844
81,377,1,845299844
81,380,3,845299424
81,457,3,845299563
81,480,1,845299676
82,1,3,1084467729
82,2,3,1084465035
82,6,1,1084467865
82,10,1,1084467796
82,34,2,1084467775
82,47,3,1084467783
82,104,1,1084468090
82,110,1,1084467714
82,145,2,1084463787
82,153,2,1084465021
82,158,2,1084463716
82,163,2,1084521290
82,165,2,1084467751
82,170,2,1084465384
82,185,1,1084467840
82,196,3,1084465393
82,231,1,1084467803
82,260,1,1084463958
82,293,1,1084467974
82,303,2,1084465377
82,317,1,1084467976
82,337,1,1084468022
82,344,1,1084467754
82,356,2,1084467704
82,357,3,1084467829
82,364,3,1084467782
82,367,2,1084521277
82,368,1,1084467998
82,370,2,1084463966
82,380,3,1084467721
82,420,2,1084465029
82,442,1,1084465019
82,454,3,1084467820
82,466,2,1084468214
82,480,3,1084467706
83,110,2,1332840449
83,161,2,1333843500
83,318,2,1332839665
83,356,1,1332840553
83,364,1,1333842074
83,480,1,1333843543
84,4,3,858772461
84,5,2,857653289
84,6,2,857653289
84,7,2,857653289
84,10,3,860397812
84,11,3,858771861
84,14,1,857653349
84,17,2,857653240
84,21,2,858772111
84,25,1,860396793
84,31,3,860398679
84,34,1,858772153
84,36,2,857653289
84,45,1,858772239
84,46,1,858771890
84,50,3,857653594
84,52,3,857653318
84,55,3,858772543
84,57,2,858771951
84,62,2,857653240
84,94,1,857653422
84,95,2,857653240
84,100,3,860396882
84,102,3,857653444
84,105,1,858771931
84,113,1,858772291
84,122,1,858772698
84,140,1,857653387
84,141,2,857653240
84,147,2,858771818
84,150,2,857653693
84,154,2,858771818
84,161,3,858771702
84,164,3,858771912
84,165,3,858772953
84,180,3,858772206
84,181,1,860397928
84,194,2,857653756
84,195,1,858772398
84,214,3,858771796
84,223,3,857653693
84,224,3,858772029
84,225,1,858772370
84,230,1,857653794
84,232,1,857653693
84,234,2,860397862
84,235,2,858772064
84,236,1,858772515
84,237,1,858772479
84,246,3,857653639
84,247,1,858771772
84,248,2,860398847
84,260,1,857653693
84,261,1,857653843
84,265,3,857653594
84,266,1,858771890
84,270,2,858772258
84,272,1,857653843
84,276,3,858772543
84,277,3,860397382
84,287,1,858772239
84,289,1,860398550
84,296,1,857653593
84,299,1,858771796
84,300,1,858771743
84,302,1,858771796
84,305,1,860397582
84,306,3,857653639
84,318,2,857653594
84,319,1,857653794
84,321,2,858771861
84,324,2,860397228
84,326,3,857653794
84,331,2,858772206
84,334,2,858772079
84,339,1,858772326
84,342,1,858771796
84,348,1,858771818
84,349,3,857653728
84,350,1,858772136
84,354,1,858772111
84,356,3,857653593
84,357,1,858771818
84,361,1,858772112
84,368,1,860397613
84,369,2,858772064
84,371,1,858772111
84,377,3,858772009
84,378,2,858772673
84,380,2,858772326
84,381,3,858771861
84,406,2,860399107
84,412,2,858771743
84,415,2,860398835
84,420,2,860397899
84,435,2,860397768
84,440,3,858771912
84,445,2,860397719
84,446,2,857653728
84,452,2,858771890
84,454,1,858772136
84,457,1,857653593
84,468,2,858771971
84,474,1,857653756
84,475,3,858771380
84,477,2,857653756
84,480,2,858771971
84,491,3,858771951
84,500,2,858772516
85,53,3,889468268
85,314,3,889467433
86,1,2,1344082549
86,165,3,1344083044
86,260,2,1344082545
86,318,2,1343945158
86,356,3,1344083260
86,419,3,1343944880
86,457,1,1344082980
86,480,2,1344083054
87,60,3,1270702696
87,262,2,1270703101
87,327,2,1270702652
88,16,2,1331421395
88,50,1,1331421330
88,69,2,1331420307
88,223,3,1331421399
88,318,3,1331421326
89,1,3,1520408314
89,11,3,1520408449
89,88,1,1520408790
89,104,1,1520408740
89,356,1,1520408275
89,357,2,1520408453
90,1,3,856353996
90,7,1,856354037
90,14,1,856354100
90,17,2,856353996
90,25,2,856353996
90,32,3,856353996
90,36,2,856354037
90,52,3,856354072
90,58,3,856354071
90,68,1,856354249
90,81,1,856354174
90,82,2,856354212
90,85,2,856354195
90,116,3,856354268
90,141,1,856353996
90,260,2,856354072
91,1,2,1112713037
91,2,3,1112713392
91,3,1,1112712323
91,6,2,1112712032
91,10,3,1112713269
91,16,2,1112710867
91,19,1,1112713417
91,21,1,1112712052
91,22,2,1112712292
91,25,1,1112713314
91,29,1,1112711719
91,32,2,1112711273
91,36,2,1112712316
91,39,3,1112713319
91,41,1,1112716937
91,47,1,1112712832
91,50,3,1112712816
91,58,2,1112710933
91,88,2,1112716912
91,92,3,1112716903
91,95,3,1112711260
91,104,1,1112713462
91,110,1,1112712339
91,111,2,1112713352
91,112,1,1112710953
91,150,1,1112712023
91,151,3,1112710950
91,153,1,1112711306
91,158,3,1112713777
91,160,1,1112713458
91,161,1,1112711269
91,163,1,1112712601
91,165,1,1112713245
91,172,1,1112713688
91,173,1,1112710917
91,185,3,1112713300
91,186,2,1112713723
91,196,2,1112713569
91,208,2,1112712329
91,223,2,1112711488
91,225,2,1112710870
91,231,3,1112713266
91,235,1,1112711256
91,236,3,1112713602
91,251,1,1112717660
91,252,3,1112713801
91,253,2,1112713303
91,260,2,1112712846
91,266,2,1112713423
91,288,3,1112711287
91,292,2,1112713278
91,293,1,1112711284
91,296,1,1112711264
91,315,3,1112713686
91,316,3,1112713249
91,318,2,1112712135
91,322,3,1112716866
91,329,1,1112713258
91,337,1,1112713450
91,344,3,1112713227
91,349,2,1112713232
91,350,2,1112713420
91,353,3,1112712455
91,356,1,1112711237
91,357,3,1112713292
91,364,1,1112711195
91,367,3,1112713273
91,368,1,1112713426
91,370,3,1112713612
91,374,3,1112716895
91,376,3,1112713553
91,377,3,1112713224
91,380,2,1112713208
91,384,2,1112717242
91,410,3,1112711203
91,420,1,1112711240
91,428,2,1112713077
91,432,1,1112710911
91,433,2,1112717219
91,434,1,1112713286
91,435,2,1112713513
91,442,3,1112711200
91,454,2,1112713295
91,457,2,1112713197
91,464,3,1112716881
91,466,1,1112713605
91,471,3,1112713817
91,474,3,1112713360
91,480,3,1112713195
91,482,2,1112716885
91,485,1,1112713741
91,494,3,1112713473
91,500,2,1112711245
92,107,1,1294941385
92,327,1,1294941372
93,1,2,942767337
93,2,1,942946208
93,10,2,942946208
93,15,2,942946091
93,34,1,942767143
93,60,1,942946445
93,86,3,942946013
93,110,1,942947377
93,150,1,942947377
93,153,3,942946445
93,158,1,942946445
93,168,2,942946340
93,173,1,942946445
93,258,2,942946508
93,260,1,942946932
93,316,2,942946445
93,318,3,942947205
93,329,1,942946340
93,339,3,942766855
93,349,2,942946208
93,356,1,942766907
93,357,3,942767045
93,362,1,942946445
93,367,1,942946986
93,368,1,942766855
93,380,1,942946091
93,434,2,942946508
93,480,3,942946013
94,2,3,843406960
94,10,3,843406732
94,11,1,843406930
94,17,3,843406942
94,19,2,843406846
94,21,2,843406846
94,32,2,843406866
94,34,1,843406765
94,39,3,843406866
94,44,1,843406960
94,47,1,843406765
94,95,3,843406942
94,110,3,843406748
94,150,2,843406616
94,153,3,843406644
94,160,1,843406895
94,161,3,843406732
94,165,1,843406644
94,185,3,843406732
94,208,1,843406748
94,225,1,843406826
94,231,3,843406685
94,253,3,843406732
94,266,1,843406914
94,282,2,843406930
94,288,2,843406748
94,292,1,843406707
94,296,2,843406616
94,316,1,843406685
94,317,1,843406866
94,318,1,843406707
94,329,3,843406707
94,337,3,843406960
94,344,1,843406644
94,356,2,843406707
94,357,1,843406895
94,364,3,843406765
94,367,3,843406765
94,377,2,843406826
94,380,1,843406616
94,410,3,843406826
94,420,1,843406846
94,432,1,843406914
94,434,2,843406707
94,435,3,843406914
94,457,3,843406685
94,480,2,843406732
94,500,2,843406826
95,7,2,1043340043
95,18,1,1105400752
95,25,2,1044744590
95,29,1,1043340522
95,32,2,1043340522
95,34,1,1071803856
95,39,2,1043339476
95,122,1,1105400745
95,162,3,1043340311
95,176,1,1048382937
95,260,1,1043340455
95,293,2,1069614359
95,358,1,1043340311
95,480,3,1105400942
96,1,3,964772990
96,34,3,964773008
96,50,2,964773008
96,110,3,964772750
96,150,3,964773108
96,193,2,964774290
96,260,3,964772681
96,272,2,964773550
96,296,1,964772972
96,299,1,964773068
96,306,3,964773021
96,307,1,964773216
96,367,3,964773672
96,377,1,964772795
96,380,1,964772817
96,434,1,964774257
96,454,2,964774139
96,480,3,964772778
97,377,3,1047481515
98,1,3,1532457849
98,356,1,1532457441
98,364,1,1532457847
99,10,3,829827514
99,22,3,829828005
99,23,1,829828005
99,122,1,829828005
99,145,1,829828005
99,150,3,829828005
99,153,3,829828005
99,160,3,829828005
99,161,3,829828005
99,163,3,829828005
99,165,2,829828005
99,168,3,829828006
99,196,3,829828006
99,204,1,829828007
99,225,2,829828005
99,227,1,829828005
99,228,3,829828005
99,231,1,829828005
99,234,3,829828006
99,236,1,829828006
99,248,3,829828006
99,252,3,829828006
99,253,1,829828006
99,256,2,829828006
99,257,1,829828006
99,259,2,829828006
99,266,1,829828006
99,276,1,829828006
99,281,3,829828006
99,282,2,829828006
99,288,3,829828006
99,292,2,829828006
99,293,1,829828006
99,296,3,829828006
99,312,2,829828007
99,315,3,829828006
99,316,2,829828007
99,318,3,829828006
99,325,1,829828006
99,333,3,829828007
99,337,2,829828007
99,339,1,829828007
99,344,2,829828005
99,349,3,829828005
99,380,1,829828007
99,413,1,829828005
99,416,1,829828005
99,420,3,829828005
99,434,1,829828005
99,435,3,829828005
100,3,3,1100183804
100,11,1,1100184041
100,16,2,1100185959
100,17,2,1100184147
100,19,2,1100183757
100,28,3,1100184447
100,62,3,1100185952
100,74,3,1100186732
100,89,2,1100186731
100,95,2,1100185961
100,104,3,1100183809
100,168,3,1100185915
100,222,1,1100184420
100,223,2,1100185924
100,234,2,1100186737
100,235,3,1100183797
100,237,1,1100186727
100,261,2,1100185932
100,266,1,1100183734
100,296,2,1100184820
100,356,1,1100184829
100,357,2,1100184145
100,368,2,1100183774
100,377,1,1100184047
100,380,1,1100184352
100,441,2,1100186564
100,497,2,1100183808
101,223,1,968440895
101,233,1,968440983
101,358,2,968443787
101,370,1,968440698
102,3,2,840635033
102,6,3,835877535
102,21,3,835876107
102,23,1,835877570
102,39,1,835876151
102,47,2,835876045
102,150,1,835875691
102,153,3,835875790
102,158,1,835876534
102,160,2,835876194
102,161,1,835875943
102,163,2,835877307
102,165,2,835875790
102,172,2,835876471
102,173,2,835876239
102,186,1,835876384
102,204,1,835876471
102,223,2,835877270
102,231,3,835875836
102,236,1,835876272
102,237,1,835877307
102,253,1,835875992
102,266,3,835876194
102,288,3,835876045
102,293,3,835876384
102,296,3,835875691
102,315,1,835876239
102,318,1,835875836
102,329,2,835877081
102,344,3,835875790
102,349,3,835875790
102,350,3,835876384
102,356,3,835876195
102,364,3,835876151
102,377,1,835876318
102,380,2,835875691
102,420,2,835877190
102,432,3,835876239
102,434,1,835875943
102,440,3,835876318
102,454,2,835876151
102,457,1,835875992
102,474,2,835877535
102,480,1,835876239
102,500,1,835877244
103,1,3,1431954238
103,2,2,1431957270
103,5,2,1431957598
103,16,1,1450982615
103,18,2,1431969228
103,19,2,1431957278
103,34,3,1431957104
103,36,1,1431957252
103,48,2,1431957563
103,50,2,1431955220
103,60,3,1431968436
103,70,1,1431957632
103,101,2,1431969655
103,104,1,1431957331
103,107,3,1431968291
103,110,3,1431957016
103,111,1,1431957192
103,150,1,1431957022
103,158,1,1431957583
103,216,3,1431957990
103,260,3,1431954922
103,277,2,1450982770
103,296,1,1431954439
103,317,2,1431957402
103,318,1,1431954380
103,337,1,1431957343
103,344,1,1431957046
103,356,1,1431954248
103,364,2,1431957059
103,367,3,1522172093
103,374,3,1432087064
103,410,2,1431957336
103,480,1,1431954240
103,492,2,1431970359
104,2,1,1114809641
104,10,2,1048595683
104,31,2,1049135743
104,39,3,1048587379
104,47,1,1053336550
104,87,1,1048795372
104,105,1,1048595377
104,110,2,1090595910
104,260,2,1049044730
104,293,2,1110558303
104,342,1,1048587404
104,356,3,1048586269
104,357,2,1048587390
104,360,1,1136331301
104,364,1,1048589315
104,367,1,1048587616
104,380,1,1090595885
104,436,3,1055630122
104,466,2,1146222486
104,468,3,1053336519
104,471,1,1238111129
104,500,1,1048587670
105,6,2,1446773632
105,16,2,1446749417
105,32,3,1446571805
105,47,2,1446571714
105,50,1,1446571713
105,110,2,1446571835
105,111,2,1446571897
105,213,2,1446610221
105,215,3,1447579944
105,260,3,1446572093
105,293,3,1446571797
105,296,2,1446571768
105,306,3,1446572004
105,307,1,1446572181
105,308,2,1446572583
105,318,3,1446571534
105,356,3,1446572081
105,431,3,1447574282
106,318,3,1489498472
107,1,3,829322340
107,2,2,829322340
107,5,2,829322340
107,11,3,829322340
107,62,2,829322340
107,104,2,829322340
107,105,1,829322340
107,110,2,832003811
107,111,3,832003891
107,140,2,829322340
107,141,1,829322340
107,150,1,832003609
107,153,2,832003644
107,160,2,832003891
107,161,3,832003700
107,165,3,832003678
107,185,1,832003754
107,208,1,832003755
107,231,2,832003701
107,253,2,832003700
107,266,3,832003845
107,292,2,832003754
107,296,3,832003609
107,316,1,832003678
107,317,1,832003891
107,318,1,832003644
107,329,3,832003678
107,344,1,832003644
107,349,1,832003644
107,380,3,832003609
107,410,3,832003845
107,432,1,832003891
107,434,2,832003700
108,25,1,1042838964
108,82,1,1042839636
108,151,2,1042838877
108,156,2,1042840602
108,469,3,1042838912
108,480,1,1042838912
108,497,3,1042841018
109,6,2,841108665
109,11,1,841108045
109,14,2,841109326
109,16,1,841108751
109,18,2,841109921
109,21,1,841107538
109,25,2,841108589
109,31,2,841108623
109,32,2,841107643
109,34,3,841107487
109,36,2,841143673
109,39,3,841107584
109,45,2,841108914
109,47,1,841107393
109,50,1,841107584
109,52,3,841109666
109,62,2,841108564
109,76,3,841151480
109,104,2,842224863
109,110,1,841106621
109,122,3,841109220
109,135,3,841142066
109,144,3,841109781
109,150,3,841106309
109,151,3,841108346
109,153,1,841106402
109,154,3,841109988
109,161,3,841106509
109,163,1,841108799
109,165,1,841106402
109,168,3,841108509
109,173,3,841107989
109,175,1,841109499
109,198,3,841109119
109,216,2,841108967
109,223,1,841108665
109,230,3,841108877
109,231,2,841106453
109,233,2,841109953
109,235,2,841108410
109,246,3,841108799
109,249,3,842793725
109,252,3,841108346
109,253,3,841106550
109,256,2,841108509
109,266,2,841107725
109,272,1,841108751
109,273,1,841108711
109,283,3,841275803
109,288,3,841106621
109,290,1,841189922
109,296,3,841106309
109,300,1,841107487
109,315,1,841108045
109,318,1,841106509
109,319,1,841109187
109,329,3,841106509
109,344,3,841106402
109,346,1,841141700
109,347,2,842744202
109,348,1,841108835
109,349,2,841106402
109,353,3,841108564
109,354,1,841109755
109,355,2,841108665
109,356,2,841106550
109,357,1,841107725
109,361,1,841109369
109,364,3,841107487
109,366,3,841151436
109,367,1,841107487
109,370,3,841108711
109,371,1,841109144
109,377,1,841107538
109,380,3,841106309
109,383,1,841109258
109,410,3,841107393
109,422,3,841143258
109,432,1,841107989
109,437,3,841141958
109,440,2,841107725
109,442,1,841108301
109,454,3,841106621
109,457,1,841106453
109,474,2,841108346
109,477,2,841109063
109,480,3,841106621
109,481,1,841109838
109,485,1,841108711
109,490,2,841143195
109,500,2,841107538
110,47,1,1175330162
110,110,1,1175329878
110,111,2,1175330211
110,227,2,1175329490
110,232,1,1175329437
110,296,2,1175330118
110,374,2,1175329527
111,5,2,1517441319
111,16,3,1518640768
111,24,2,1518640854
111,34,3,1516153818
111,39,1,1516153474
111,48,2,1518640791
111,65,2,1518640926
111,104,2,1518640683
111,145,1,1516155003
111,180,3,1516154589
111,193,1,1518640862
111,203,2,1518640918
111,318,3,1518640631
111,327,1,1518640870
111,356,2,1516140793
111,364,1,1518661552
111,410,3,1517441305
111,480,1,1516140723
111,500,2,1516156095
112,1,3,1442535639
112,2,3,1513989948
112,6,2,1513989933
112,16,1,1513990003
112,17,3,1513989967
112,19,1,1513989970
112,21,3,1513989975
112,25,3,1513989973
112,32,3,1442535842
112,36,3,1513989966
112,39,2,1513989927
112,47,3,1442535846
112,50,1,1442535839
112,62,3,1513989987
112,95,2,1513989977
112,104,1,1513989997
112,110,2,1442535826
112,141,2,1513989961
112,150,1,1442535835
112,161,2,1513989954
112,185,1,1513989947
112,208,1,1513989909
112,223,2,1513989951
112,253,3,1513989915
112,260,2,1442535777
112,288,3,1513989961
112,292,2,1513989930
112,300,3,1513989999
112,329,3,1513989925
112,339,3,1513989982
112,356,3,1442535627
112,357,3,1513989921
112,434,1,1513989941
112,454,1,1513989944
112,480,3,1442535631
113,11,1,980051838
113,25,2,980051660
113,39,2,980051704
113,46,3,980051838
113,64,1,980051988
113,71,2,980051522
113,74,3,980051922
113,111,1,980087884
113,207,3,980051546
113,222,1,980051734
113,224,1,980051862
113,260,1,980087884
113,265,1,980051660
113,293,1,980051638
113,351,3,980051862
113,356,1,980051894
113,357,2,980051777
113,490,1,980051499
114,260,3,1485387458
115,21,3,970756771
115,32,3,958574098
115,34,3,957760059
115,110,2,958574203
115,112,3,970756534
115,153,3,957647972
115,196,2,957648436
115,260,3,959800922
115,296,2,944954937
115,364,3,944950805
115,368,3,944951378
115,370,2,970839149
115,380,1,957647313
115,383,1,944951450
115,457,1,970756771
115,480,1,944953733
115,487,3,944951378
116,3,3,1337200325
116,47,2,1337199584
116,150,3,1337199701
116,160,2,1337200317
116,161,2,1337199965
116,165,1,1337199802
116,231,2,1337199840
116,339,1,1337199980
116,350,1,1337200251
116,356,3,1337199672
116,367,1,1337199834
116,377,1,1337199774
116,457,1,1337199695
116,480,2,1337199676
116,500,2,1337199829
117,2,2,844163002
117,3,1,844163663
117,5,1,844163754
117,6,1,844163102
117,7,2,844163615
117,10,1,844162850
117,11,2,844162970
117,17,2,844163037
117,19,3,844162892
117,21,1,844162913
117,26,1,844163712
117,31,2,844163204
117,32,1,844162955
117,34,1,844163454
117,36,1,844163102
117,39,3,844162955
117,41,1,844163693
117,44,1,844163037
117,47,3,844162892
117,48,1,844163082
117,50,1,844162933
117,60,1,844163754
117,62,3,844163122
117,73,1,844163663
117,105,3,844163693
117,110,3,844162850
117,141,2,844163019
117,150,3,844162743
117,151,1,844163019
117,153,2,844162770
117,158,1,844163061
117,160,1,844162955
117,161,2,844162832
117,165,1,844162770
117,168,3,844163061
117,172,3,844163061
117,185,1,844162832
117,186,2,844163019
117,193,3,844163102
117,204,1,844163082
117,224,3,844163122
117,225,3,844162913
117,227,2,844163216
117,230,2,844163734
117,231,2,844162793
117,235,2,844163082
117,236,2,844162985
117,237,2,844163156
117,249,3,844163543
117,252,3,844163019
117,253,1,844162832
117,256,1,844163082
117,261,2,844163061
117,262,3,844163663
117,266,2,844162970
117,272,1,844163156
117,273,3,844163156
117,277,2,844163204
117,280,3,844163543
117,282,1,844163002
117,288,1,844162850
117,292,2,844162811
117,293,1,844163082
117,296,1,844162744
117,300,2,844162870
117,315,3,844162970
117,316,3,844162811
117,317,1,844163454
117,318,3,844162811
117,329,3,844162793
117,333,2,844163136
117,339,2,844162832
117,344,3,844162770
117,349,2,844162793
117,350,1,844162955
117,353,2,844163121
117,356,2,844162810
117,357,2,844162955
117,362,1,844163543
117,364,3,844162870
117,367,1,844162892
117,368,1,844163136
117,377,1,844162892
117,380,3,844162744
117,410,3,844162870
117,420,1,844162933
117,432,3,844162985
117,434,3,844162810
117,440,1,844162970
117,442,2,844163002
117,454,2,844162850
117,457,1,844162793
117,474,2,844163002
117,475,3,844163511
117,480,1,844162832
117,485,2,844163102
117,491,1,844163664
117,497,2,844163168
117,500,2,844162892
118,25,2,944924731
118,153,3,944923703
118,296,2,944924487
119,1,1,1435942468
119,10,3,1435943180
119,44,1,1435943918
119,170,3,1435943952
119,173,2,1435943284
119,293,2,1435943240
119,296,2,1436563596
119,315,3,1435943910
119,318,1,1468432386
119,356,3,1435942470
119,364,2,1437815672
119,434,1,1435943225
119,442,3,1435943269
120,5,2,860070029
120,12,1,860070182
120,32,1,860069973
120,52,2,860070065
120,141,2,860069973
120,260,3,860070065
121,1,2,847656180
121,5,1,847656405
121,6,1,847656264
121,11,1,847656100
121,16,3,847656340
121,19,2,847656045
121,22,1,847656357
121,25,2,847656224
121,39,3,847656062
121,44,2,847656224
121,47,1,847656010
121,62,3,847656203
121,95,2,847656129
121,110,1,847655980
121,141,1,847656180
121,150,3,847655899
121,161,2,847655980
121,163,3,847656374
121,186,1,847656203
121,225,3,847656062
121,237,3,847656357
121,246,2,847656374
121,252,3,847656203
121,253,1,847655996
121,265,1,847656245
121,266,2,847656077
121,272,1,847656374
121,282,2,847656113
121,288,1,847655996
121,292,2,847655960
121,296,3,847655899
121,300,3,847656027
121,316,1,847655945
121,318,2,847655960
121,337,1,847656180
121,344,2,847655927
121,349,1,847655945
121,353,2,847656245
121,356,3,847655945
121,377,1,847656010
121,380,2,847655899
121,432,3,847656100
121,434,2,847655960
121,435,2,847656100
121,440,3,847656077
121,454,1,847655996
121,457,1,847655927
121,474,1,847656113
121,497,1,847656316
122,2,3,1461561176
122,19,2,1461562132
122,32,1,1461561526
122,47,3,1461561420
122,50,3,1461561151
122,70,3,1461562250
122,104,2,1461562198
122,111,1,1461561504
122,165,3,1461562066
122,231,1,1461562094
122,253,3,1461562158
122,260,2,1461561351
122,288,1,1461562373
122,292,2,1461563011
122,296,1,1461561354
122,318,1,1461561133
122,356,1,1461561332
122,442,3,1461562544
122,480,3,1461561380
123,47,2,1447291940
123,260,2,1447269141
123,293,2,1447291133
123,296,1,1447291797
123,318,2,1447269105
124,1,3,1336584336
124,50,3,1336412889
124,110,2,1336584326
124,175,2,1336409774
124,256,3,1336409649
124,260,1,1336423436
124,296,3,1336423393
124,318,1,1336412895
124,344,2,1336584451
124,356,2,1336423402
124,480,1,1336423441
125,2,3,1474311709
125,81,2,1474415153
125,110,1,1474311613
125,208,3,1474483295
125,223,1,1474295267
125,288,1,1474294680
125,296,1,1474141538
125,318,3,1474141490
125,337,3,1474294944
125,356,1,1474142139
126,34,3,845925854
126,47,1,845925822
126,110,2,845925785
126,150,3,845925577
126,153,3,845925615
126,161,3,845925732
126,165,3,845925615
126,185,1,845925732
126,208,2,845925732
126,231,3,845925656
126,253,3,845925785
126,288,3,845925822
126,292,2,845925732
126,296,3,845925577
126,300,2,845925854
126,316,3,845925656
126,318,1,845925690
126,329,1,845925690
126,339,2,845925785
126,344,3,845925615
126,349,1,845925656
126,356,3,845925690
126,364,3,845925822
126,367,3,845925854
126,377,3,845925822
126,380,2,845925577
126,410,1,845925854
126,434,3,845925690
126,454,3,845925785
126,457,3,845925656
126,480,1,845925690
126,500,1,845925854
127,272,3,1263527148
128,110,2,899032847
128,260,3,899033269
129,47,2,1167376335
129,110,2,1167375621
129,160,1,1167377871
129,185,2,1167376444
129,208,2,1167375487
129,239,1,1167378257
129,253,1,1167376383
129,260,1,1167375413
129,292,3,1167376332
129,316,3,1167375456
129,480,1,1167375959
129,485,2,1167375509
130,1,3,832589610
130,110,2,832589660
130,150,3,832589516
130,153,3,832589546
130,161,1,832589610
130,165,3,832589546
130,185,1,832589634
130,208,2,832589634
130,225,2,832589660
130,231,1,832589583
130,253,1,832589635
130,292,2,832589635
130,296,2,832589516
130,300,1,832589634
130,316,3,832589583
130,317,2,832589692
130,318,2,832589583
130,329,2,832589583
130,339,2,832589610
130,344,3,832589546
130,349,2,832589546
130,380,2,832589516
130,410,3,832589660
130,434,2,832589610
131,31,2,1349838570
131,47,3,1349840567
131,50,3,1349840171
131,110,3,1349840503
131,111,3,1349840160
131,260,2,1349840250
131,293,2,1349840551
131,296,3,1349840345
131,318,2,1349840163
131,356,2,1349840626
132,1,2,1157921785
132,17,2,1157922698
132,29,1,1157924165
132,32,3,1329983726
132,34,3,1157921395
132,39,2,1157921453
132,45,1,1157923125
132,47,2,1157921243
132,48,3,1157919960
132,50,1,1157920377
132,58,1,1157919923
132,70,3,1157923053
132,89,2,1157997580
132,141,2,1159428730
132,158,1,1157922952
132,163,1,1157919918
132,170,2,1157968958
132,175,3,1157982515
132,207,2,1157979087
132,235,1,1157919810
132,247,1,1157923560
132,253,1,1157922662
132,256,2,1157968600
132,260,3,1157920586
132,261,3,1157923139
132,288,2,1157922712
132,293,2,1157922745
132,296,3,1329983943
132,306,3,1157968905
132,307,1,1157978985
132,308,3,1157979712
132,318,2,1329983827
132,319,3,1157923770
132,337,3,1159428859
132,344,1,1157922631
132,345,2,1157923088
132,353,2,1157919859
132,355,2,1157923325
132,356,1,1157920481
132,357,3,1157921441
132,364,2,1157921351
132,390,1,1161799601
132,410,2,1157967526
132,497,1,1157919871
132,500,2,1157922641
133,32,3,843491488
133,47,3,843491396
133,50,1,843491446
133,110,2,843491209
133,150,3,843490780
133,153,2,843490845
133,185,3,843491209
133,223,1,843491446
133,253,1,843491249
133,288,1,843491249
133,296,1,843490780
133,300,2,843491793
133,318,3,843490980
133,349,2,843490845
133,356,1,843490980
133,367,3,843491396
133,377,2,843491793
133,380,1,843490781
133,454,2,843491396
133,457,2,843490862
133,471,2,843491793
133,474,3,843491514
133,480,2,843491209
134,1,2,832841103
134,47,2,832841168
134,48,2,832841524
134,110,1,832841168
134,153,2,832841003
134,160,1,832841215
134,161,1,832841103
134,163,3,832841704
134,173,2,832841267
134,186,3,832841423
134,193,3,832841586
134,208,2,832841137
134,227,1,832841633
134,231,1,832841046
134,253,1,832841137
134,273,1,832841687
134,288,2,832841168
134,296,1,832840929
134,315,3,832841244
134,316,2,832841046
134,344,3,832841003
134,349,3,832841003
134,364,1,832841586
134,367,3,832841687
134,380,2,832840929
134,434,3,832841103
134,442,3,832841791
134,454,1,832841586
135,1,2,1009691859
135,2,3,1009692764
135,21,2,1009691915
135,32,3,1009691695
135,47,1,1009691144
135,65,1,1009692359
135,110,1,1009692826
135,112,2,1009692910
135,141,3,1009692048
135,153,1,1009692987
135,157,1,1009692345
135,161,1,1009691186
135,165,2,1009691403
135,180,1,1009692060
135,223,2,1009691897
135,231,1,1009691066
135,260,2,1009693267
135,267,2,1009692359
135,288,2,1009691292
135,292,3,1009692890
135,293,1,1009691164
135,296,2,1009693583
135,300,1,1009693815
135,318,1,1009693583
135,329,2,1009691746
135,349,2,1009691292
135,367,3,1009692764
135,377,3,1009691186
135,380,1,1009692038
135,393,1,1009693004
135,410,3,1009692210
135,420,3,1009692393
135,427,1,1009691529
135,457,3,1009691164
135,466,2,1009692159
135,480,2,1009692855
135,485,2,1009692293
136,10,2,832449222
136,15,3,832449934
136,16,3,832449614
136,19,1,832449345
136,23,1,832449838
136,34,3,832449299
136,44,1,832449539
136,47,3,832449299
136,62,3,832449522
136,93,3,832450076
136,95,1,832449391
136,110,3,832449274
136,122,3,832449883
136,132,1,832449989
136,145,2,832449655
136,150,3,832449136
136,151,1,832449391
136,153,2,832449165
136,158,3,832449475
136,160,2,832449345
136,161,1,832449222
136,163,2,832449637
136,165,2,832449163
136,168,3,832449475
136,170,3,832449755
136,172,3,832449475
136,173,2,832449391
136,174,1,832449989
136,177,1,832449964
136,181,1,832449858
136,185,2,832449254
136,188,2,832451540
136,193,3,832449560
136,195,2,832449838
136,196,1,832449422
136,198,2,832449909
136,204,2,832449475
136,207,3,832449705
136,208,2,832449254
136,216,3,832449683
136,225,3,832449274
136,227,1,832449595
136,231,2,832449197
136,234,3,832449683
136,235,3,832449454
136,239,1,832450019
136,248,2,832449755
136,252,1,832449422
136,253,3,832449254
136,255,3,832450037
136,256,3,832449501
136,266,3,832449299
136,267,3,832449858
136,273,2,832449614
136,274,1,832451478
136,276,2,832449560
136,277,3,832449595
136,280,3,832449705
136,282,2,832449365
136,292,2,832449254
136,293,3,832449475
136,296,3,832449136
136,300,3,832449254
136,315,3,832449365
136,316,2,832449197
136,317,3,832449299
136,327,3,832449786
136,328,3,832449964
136,329,1,832449197
136,333,3,832449501
136,337,2,832449391
136,338,1,832449755
136,339,1,832449222
136,340,1,832450093
136,344,1,832449164
136,348,1,832449595
136,349,2,832449163
136,350,1,832449883
136,353,3,832449934
136,355,3,832450037
136,364,1,832449683
136,367,2,832449729
136,380,2,832449136
136,410,1,832449274
136,413,2,832449705
136,416,2,832450005
136,420,2,832449345
136,431,3,832449655
136,432,3,832449365
136,434,2,832449222
136,435,2,832449365
136,437,1,832449909
136,440,1,832449786
136,442,1,832449858
136,454,1,832449705
136,457,1,832449522
136,468,2,832449595
136,471,3,832450058
136,491,2,832451522
137,1,1,1204859907
137,110,2,1204859490
137,111,1,1204863636
137,150,1,1204859352
137,246,3,1204863842
137,260,1,1204859469
137,272,3,1204858999
137,296,3,1204859460
137,318,3,1204859137
137,356,2,1204859455
137,480,1,1204859401
138,222,3,1222676038
139,19,3,1453924016
139,260,2,1453923975
140,1,2,942924980
140,2,1,1085569813
140,6,3,942843185
140,11,3,949667337
140,21,3,949666898
140,22,3,951163606
140,23,1,967049087
140,34,1,942910010
140,47,2,942842215
140,50,2,942840991
140,62,1,1055092420
140,86,3,942844005
140,95,2,1085569725
140,104,2,949667320
140,105,1,949667353
140,110,2,942903980
140,146,2,1032259081
140,150,1,942842394
140,151,1,949667175
140,161,2,949667232
140,163,2,967048969
140,164,1,967048354
140,165,3,967049233
140,185,1,1085569703
140,193,1,973800069
140,208,1,1085569730
140,210,1,1021898818
140,246,1,949666758
140,257,2,967048906
140,260,2,942842304
140,261,2,949667125
140,266,3,942842894
140,277,2,949667152
140,288,3,973800087
140,292,2,967049135
140,293,2,942843185
140,296,3,942843185
140,303,3,942842895
140,317,1,949667371
140,318,3,942840891
140,338,2,967049270
140,339,2,1085569715
140,349,3,967049014
140,350,2,949667416
140,353,2,949507627
140,356,2,949666898
140,362,3,949666953
140,364,1,949666898
140,368,1,942842814
140,373,2,967048734
140,376,2,967049118
140,377,3,967048935
140,380,2,1085569631
140,383,1,942842894
140,422,3,951163625
140,434,3,1085569685
140,440,2,1055093032
140,454,2,951163625
140,457,2,942841471
140,458,1,942842894
140,474,3,967048858
140,480,3,949667008
140,500,3,1030559180
141,1,1,1513130643
141,19,2,1513130814
141,47,1,1513130660
141,104,1,1513130895
141,107,2,1513132255
141,110,1,1513129871
141,150,2,1513130652
141,231,2,1513131879
141,260,2,1513129794
141,296,3,1513130625
141,317,2,1513131947
141,318,2,1513129787
141,344,1,1513130695
141,356,1,1513129888
141,364,3,1513130667
141,367,2,1513131870
141,441,3,1513132199
141,480,3,1513130636
141,500,3,1513131874
142,34,3,838932132
142,36,2,838933753
142,47,2,838934238
142,50,2,838934155
142,95,3,838934522
142,150,3,838931920
142,161,2,838932766
142,165,3,838932017
142,193,2,838934084
142,225,1,838934449
142,231,2,838932386
142,281,3,838934339
142,292,3,838932766
142,296,1,838931920
142,337,1,838934122
142,344,2,838932017
142,349,1,838932017
142,356,2,838932132
142,364,2,838932132
142,367,3,838934155
142,373,2,838934122
142,377,2,838934449
142,380,3,838931920
142,384,2,838934486
142,434,2,838932766
142,440,2,838934486
142,457,2,838932766
142,474,2,838934313
142,480,2,838934122
142,481,1,838934204
143,356,2,1444768677
143,500,3,1444881371
144,1,3,1137323419
144,2,3,1137323803
144,10,2,1137323629
144,17,1,1137323659
144,19,3,1136812137
144,25,1,1136813341
144,32,1,1137323444
144,34,1,1137323545
144,39,2,1137323676
144,47,2,1137323517
144,48,1,1137324255
144,110,1,1137323396
144,150,3,1137323392
144,153,3,1137323495
144,163,3,1137324180
144,208,3,1137323690
144,223,1,1136811763
144,231,1,1137323567
144,253,3,1137323583
144,266,1,1136812332
144,288,1,1137323728
144,296,3,1136812638
144,337,3,1136812528
144,344,2,1137323490
144,356,1,1137323359
144,357,2,1136813626
144,364,2,1137323535
144,377,3,1137323465
144,380,2,1137323415
144,410,2,1137323822
144,420,3,1137324034
144,434,3,1137323641
144,440,1,1137323768
144,475,1,1136812966
144,480,3,1137323364
144,500,2,1137323558
145,1,2,832105242
145,50,2,832105428
145,111,2,832105479
145,150,2,832105148
145,153,3,832105183
145,161,1,832105242
145,165,1,832105183
145,208,3,832105394
145,231,2,832105242
145,292,2,832105394
145,296,1,832105148
145,300,2,832105394
145,316,2,832105216
145,318,2,832105216
145,329,2,832105216
145,339,2,832105242
145,344,1,832105183
145,380,2,832105148
145,434,1,832105242
146,32,2,1312508179
146,344,3,1312508994
146,410,1,1312509083
147,5,2,1203267700
147,151,1,1203267713
147,163,3,1203267696
147,168,3,1203267725
147,186,3,1203267726
147,225,2,1203267698
147,315,2,1203267735
147,342,1,1203267731
147,466,1,1203267705
148,356,3,1482548476
149,2,1,902084874
149,32,3,902085272
149,172,2,902085141
149,173,3,902085111
149,196,3,902085002
149,260,2,902084798
149,316,2,902084966
149,329,1,902085002
149,379,3,902085111
149,405,2,902085168
149,442,1,902085002
149,480,2,902084966
150,3,3,854203124
150,5,1,854203124
150,6,1,854203123
150,7,3,854203124
150,25,3,854203072
150,32,3,854203071
150,36,2,854203123
150,52,1,854203163
150,58,2,854203163
150,62,3,854203072
150,79,3,854203229
150,95,3,854203072
150,141,2,854203072
150,376,2,854203124
150,494,2,854203124
